protocol_version,experiment,stage,key_mode,training_decoder,eval_decoder,training_prior,eval_prior,seed,prequential_nll_bits,prequential_accuracy_pct,eval_nll_bits,eval_accuracy_pct,eval_macro_f1_pct,eval_brier,eval_ece_15,weighted_target_purity,target_retrieval_mass,energy_margin,recall_at_1,recall_at_4,recall_at_16,mrr,active_atoms,allocated_bytes,run_seconds,train_examples,eval_examples,dimension,max_features,hash_seed,capacity,top_k,key_nnz,key_scale,prior_mass,learning_rate_key,fixed_key_support,birth_seed,birth_count,validation_split_version,validation_split_hash,official_test_previously_exposed
banking77-mixture-v1-posthoc,A,official_test,learned,legacy_gated_logit,legacy_gated_logit,empirical,empirical,0,4.8169741093104825,52.16435069479156,4.008203407022522,66.78571428571428,64.69591471363232,0.8400372810565032,nan,nan,nan,nan,nan,nan,nan,nan,4055,134204896,134.26597981795203,10003,3080,8192,256,0,4055,16,256,8.0,1.0,0.2,true,1729,4055,banking77-mixture-val-v1,ebfb17faadb9f66177159020d8584acd5978b07758d153ac5493e65147a7fbb0,true
banking77-mixture-v1-posthoc,A,official_test,learned,legacy_gated_logit,categorical_mixture,empirical,uniform,0,nan,nan,1.704478955393214,74.77272727272727,74.29787475197892,0.45939123925069564,0.28452247436605876,0.500582927774742,0.4184178387256363,0.34348755502081535,0.6275974025974026,0.8733766233766234,0.9646103896103896,0.739789868790375,4055,134204896,0.0,10003,3080,8192,256,0,4055,16,256,8.0,1.0,0.2,true,1729,4055,banking77-mixture-val-v1,ebfb17faadb9f66177159020d8584acd5978b07758d153ac5493e65147a7fbb0,true
banking77-mixture-v1-posthoc,A,official_test,learned,legacy_gated_logit,categorical_mixture,empirical,empirical,0,nan,nan,1.70971610174564,74.77272727272727,74.29308461518019,0.45952112723305194,0.2845823743707173,0.500582927774742,0.4184178387256363,0.34348755502081535,0.6275974025974026,0.8733766233766234,0.9646103896103896,0.739789868790375,4055,134204896,0.0,10003,3080,8192,256,0,4055,16,256,8.0,1.0,0.2,true,1729,4055,banking77-mixture-val-v1,ebfb17faadb9f66177159020d8584acd5978b07758d153ac5493e65147a7fbb0,true
banking77-mixture-v1-posthoc,A,official_test,frozen,legacy_gated_logit,legacy_gated_logit,empirical,empirical,0,5.394190214279223,51.364590622813154,5.038706351132237,66.3961038961039,64.7381498145229,0.9413010447249784,nan,nan,nan,nan,nan,nan,nan,nan,4055,134204896,93.64798976597376,10003,3080,8192,256,0,4055,16,256,8.0,1.0,0.2,true,1729,4055,banking77-mixture-val-v1,ebfb17faadb9f66177159020d8584acd5978b07758d153ac5493e65147a7fbb0,true
banking77-mixture-v1-posthoc,A,official_test,frozen,legacy_gated_logit,categorical_mixture,empirical,uniform,0,nan,nan,2.047624608060348,72.85714285714285,72.60821453294567,0.5363908170383762,0.354552023006337,0.42516820616855183,0.33480776372885745,0.2141229188287413,0.615909090909091,0.8623376623376623,0.9594155844155844,0.733361728397851,4055,134204896,0.0,10003,3080,8192,256,0,4055,16,256,8.0,1.0,0.2,true,1729,4055,banking77-mixture-val-v1,ebfb17faadb9f66177159020d8584acd5978b07758d153ac5493e65147a7fbb0,true
banking77-mixture-v1-posthoc,A,official_test,frozen,legacy_gated_logit,categorical_mixture,empirical,empirical,0,nan,nan,2.0542043138511237,72.85714285714285,72.60950925656537,0.5364580560427208,0.3545183052200002,0.42516820616855183,0.33480776372885745,0.2141229188287413,0.615909090909091,0.8623376623376623,0.9594155844155844,0.733361728397851,4055,134204896,0.0,10003,3080,8192,256,0,4055,16,256,8.0,1.0,0.2,true,1729,4055,banking77-mixture-val-v1,ebfb17faadb9f66177159020d8584acd5978b07758d153ac5493e65147a7fbb0,true
banking77-mixture-v1-posthoc,A,official_test,learned,legacy_gated_logit,legacy_gated_logit,empirical,empirical,1,4.8375070972604135,51.134659602119356,4.033937957861383,64.35064935064935,62.14577248940388,0.8386991062044323,nan,nan,nan,nan,nan,nan,nan,nan,4055,134204896,122.62918676494155,10003,3080,8192,256,0,4055,16,256,8.0,1.0,0.2,true,1729,4055,banking77-mixture-val-v1,ebfb17faadb9f66177159020d8584acd5978b07758d153ac5493e65147a7fbb0,true
banking77-mixture-v1-posthoc,A,official_test,learned,legacy_gated_logit,categorical_mixture,empirical,uniform,1,nan,nan,1.7067220782135417,73.53896103896103,72.61261229421378,0.45737847054752145,0.2631402402608232,0.5068041314081817,0.42323027509627503,0.37564216294845976,0.6457792207792208,0.8672077922077922,0.9642857142857143,0.7546586514013689,4055,134204896,0.0,10003,3080,8192,256,0,4055,16,256,8.0,1.0,0.2,true,1729,4055,banking77-mixture-val-v1,ebfb17faadb9f66177159020d8584acd5978b07758d153ac5493e65147a7fbb0,true
banking77-mixture-v1-posthoc,A,official_test,learned,legacy_gated_logit,categorical_mixture,empirical,empirical,1,nan,nan,1.7114266589094271,73.6038961038961,72.68847792539565,0.4574959201529598,0.26374853538808885,0.5068041314081817,0.42323027509627503,0.37564216294845976,0.6457792207792208,0.8672077922077922,0.9642857142857143,0.7546586514013689,4055,134204896,0.0,10003,3080,8192,256,0,4055,16,256,8.0,1.0,0.2,true,1729,4055,banking77-mixture-val-v1,ebfb17faadb9f66177159020d8584acd5978b07758d153ac5493e65147a7fbb0,true
banking77-mixture-v1-posthoc,A,official_test,frozen,legacy_gated_logit,legacy_gated_logit,empirical,empirical,1,5.402674004317364,49.21523542937119,5.039675773423726,66.2987012987013,64.6331693011231,0.9416862758916694,nan,nan,nan,nan,nan,nan,nan,nan,4055,134204896,92.2994316960685,10003,3080,8192,256,0,4055,16,256,8.0,1.0,0.2,true,1729,4055,banking77-mixture-val-v1,ebfb17faadb9f66177159020d8584acd5978b07758d153ac5493e65147a7fbb0,true
banking77-mixture-v1-posthoc,A,official_test,frozen,legacy_gated_logit,categorical_mixture,empirical,uniform,1,nan,nan,2.0474254130489133,72.82467532467533,72.56895693381684,0.5363382187163965,0.35416589070159893,0.4252348359130198,0.3348578027933352,0.21412291844169815,0.6162337662337662,0.8623376623376623,0.9594155844155844,0.7335690679612206,4055,134204896,0.0,10003,3080,8192,256,0,4055,16,256,8.0,1.0,0.2,true,1729,4055,banking77-mixture-val-v1,ebfb17faadb9f66177159020d8584acd5978b07758d153ac5493e65147a7fbb0,true
banking77-mixture-v1-posthoc,A,official_test,frozen,legacy_gated_logit,categorical_mixture,empirical,empirical,1,nan,nan,2.05400445791068,72.82467532467533,72.57025165743653,0.5364052650555,0.35413210678652124,0.4252348359130198,0.3348578027933352,0.21412291844169815,0.6162337662337662,0.8623376623376623,0.9594155844155844,0.7335690679612206,4055,134204896,0.0,10003,3080,8192,256,0,4055,16,256,8.0,1.0,0.2,true,1729,4055,banking77-mixture-val-v1,ebfb17faadb9f66177159020d8584acd5978b07758d153ac5493e65147a7fbb0,true
banking77-mixture-v1-posthoc,A,official_test,learned,legacy_gated_logit,legacy_gated_logit,empirical,empirical,2,4.835209812820661,51.67449765070479,4.01741401889493,65.06493506493507,62.53359024598952,0.8398574643562754,nan,nan,nan,nan,nan,nan,nan,nan,4055,134204896,120.46173463296145,10003,3080,8192,256,0,4055,16,256,8.0,1.0,0.2,true,1729,4055,banking77-mixture-val-v1,ebfb17faadb9f66177159020d8584acd5978b07758d153ac5493e65147a7fbb0,true
banking77-mixture-v1-posthoc,A,official_test,learned,legacy_gated_logit,categorical_mixture,empirical,uniform,2,nan,nan,1.7097096528020086,74.28571428571429,73.43845820798568,0.45868431488687006,0.2727349057261433,0.5052274112112738,0.42150045398792085,0.45488721511580726,0.6831168831168831,0.8655844155844156,0.9646103896103896,0.770928673405946,4055,134204896,0.0,10003,3080,8192,256,0,4055,16,256,8.0,1.0,0.2,true,1729,4055,banking77-mixture-val-v1,ebfb17faadb9f66177159020d8584acd5978b07758d153ac5493e65147a7fbb0,true
banking77-mixture-v1-posthoc,A,official_test,learned,legacy_gated_logit,categorical_mixture,empirical,empirical,2,nan,nan,1.7144525539578894,74.22077922077922,73.37200771366635,0.4587956087031801,0.272061429262258,0.5052274112112738,0.42150045398792085,0.45488721511580726,0.6831168831168831,0.8655844155844156,0.9646103896103896,0.770928673405946,4055,134204896,0.0,10003,3080,8192,256,0,4055,16,256,8.0,1.0,0.2,true,1729,4055,banking77-mixture-val-v1,ebfb17faadb9f66177159020d8584acd5978b07758d153ac5493e65147a7fbb0,true
banking77-mixture-v1-posthoc,A,official_test,frozen,legacy_gated_logit,legacy_gated_logit,empirical,empirical,2,5.381486182716622,50.52484254723583,5.018735898044085,66.5909090909091,65.06805830666724,0.9399933654379535,nan,nan,nan,nan,nan,nan,nan,nan,4055,134204896,90.83307343104389,10003,3080,8192,256,0,4055,16,256,8.0,1.0,0.2,true,1729,4055,banking77-mixture-val-v1,ebfb17faadb9f66177159020d8584acd5978b07758d153ac5493e65147a7fbb0,true
banking77-mixture-v1-posthoc,A,official_test,frozen,legacy_gated_logit,categorical_mixture,empirical,uniform,2,nan,nan,2.047917686067072,72.82467532467533,72.57284514941766,0.536442582607995,0.35416088762705206,0.4251697077715535,0.33480528998974857,0.21412291890614993,0.615909090909091,0.8623376623376623,0.9594155844155844,0.7334628095076593,4055,134204896,0.0,10003,3080,8192,256,0,4055,16,256,8.0,1.0,0.2,true,1729,4055,banking77-mixture-val-v1,ebfb17faadb9f66177159020d8584acd5978b07758d153ac5493e65147a7fbb0,true
banking77-mixture-v1-posthoc,A,official_test,frozen,legacy_gated_logit,categorical_mixture,empirical,empirical,2,nan,nan,2.0544988460037605,72.82467532467533,72.57413987303737,0.5365095316299371,0.3541270623685091,0.4251697077715535,0.33480528998974857,0.21412291890614993,0.615909090909091,0.8623376623376623,0.9594155844155844,0.7334628095076593,4055,134204896,0.0,10003,3080,8192,256,0,4055,16,256,8.0,1.0,0.2,true,1729,4055,banking77-mixture-val-v1,ebfb17faadb9f66177159020d8584acd5978b07758d153ac5493e65147a7fbb0,true
banking77-mixture-v1-posthoc,A,official_test,learned,legacy_gated_logit,legacy_gated_logit,empirical,empirical,3,4.8453533719926325,51.41457562731181,4.040693948220851,65.68181818181819,63.52940429390487,0.841976780734666,nan,nan,nan,nan,nan,nan,nan,nan,4055,134204896,122.98652417794801,10003,3080,8192,256,0,4055,16,256,8.0,1.0,0.2,true,1729,4055,banking77-mixture-val-v1,ebfb17faadb9f66177159020d8584acd5978b07758d153ac5493e65147a7fbb0,true
banking77-mixture-v1-posthoc,A,official_test,learned,legacy_gated_logit,categorical_mixture,empirical,uniform,3,nan,nan,1.7225753035398204,73.83116883116884,73.01863518136135,0.4568639347952633,0.26446900802918455,0.509036371454006,0.4238889678871235,0.40869649919596585,0.6558441558441559,0.8711038961038962,0.9607142857142857,0.7595449607905708,4055,134204896,0.0,10003,3080,8192,256,0,4055,16,256,8.0,1.0,0.2,true,1729,4055,banking77-mixture-val-v1,ebfb17faadb9f66177159020d8584acd5978b07758d153ac5493e65147a7fbb0,true
banking77-mixture-v1-posthoc,A,official_test,learned,legacy_gated_logit,categorical_mixture,empirical,empirical,3,nan,nan,1.7288697519863208,73.7987012987013,72.98296035161131,0.4569814865465288,0.2640357177583622,0.509036371454006,0.4238889678871235,0.40869649919596585,0.6558441558441559,0.8711038961038962,0.9607142857142857,0.7595449607905708,4055,134204896,0.0,10003,3080,8192,256,0,4055,16,256,8.0,1.0,0.2,true,1729,4055,banking77-mixture-val-v1,ebfb17faadb9f66177159020d8584acd5978b07758d153ac5493e65147a7fbb0,true
banking77-mixture-v1-posthoc,A,official_test,frozen,legacy_gated_logit,legacy_gated_logit,empirical,empirical,3,5.392422504305367,50.52484254723583,5.0306199362828945,66.2987012987013,64.70426892570484,0.9407382883421787,nan,nan,nan,nan,nan,nan,nan,nan,4055,134204896,88.9776629259577,10003,3080,8192,256,0,4055,16,256,8.0,1.0,0.2,true,1729,4055,banking77-mixture-val-v1,ebfb17faadb9f66177159020d8584acd5978b07758d153ac5493e65147a7fbb0,true
banking77-mixture-v1-posthoc,A,official_test,frozen,legacy_gated_logit,categorical_mixture,empirical,uniform,3,nan,nan,2.0477553087861353,72.79220779220779,72.53448331081204,0.5363829344450557,0.35385585704020095,0.4252040811811937,0.3348324935314814,0.2141229188287413,0.615909090909091,0.8623376623376623,0.9594155844155844,0.7333930882909413,4055,134204896,0.0,10003,3080,8192,256,0,4055,16,256,8.0,1.0,0.2,true,1729,4055,banking77-mixture-val-v1,ebfb17faadb9f66177159020d8584acd5978b07758d153ac5493e65147a7fbb0,true
banking77-mixture-v1-posthoc,A,official_test,frozen,legacy_gated_logit,categorical_mixture,empirical,empirical,3,nan,nan,2.054336877354221,72.79220779220779,72.53577803443176,0.5364498833460467,0.3538221331966388,0.4252040811811937,0.3348324935314814,0.2141229188287413,0.615909090909091,0.8623376623376623,0.9594155844155844,0.7333930882909413,4055,134204896,0.0,10003,3080,8192,256,0,4055,16,256,8.0,1.0,0.2,true,1729,4055,banking77-mixture-val-v1,ebfb17faadb9f66177159020d8584acd5978b07758d153ac5493e65147a7fbb0,true
banking77-mixture-v1-posthoc,A,official_test,learned,legacy_gated_logit,legacy_gated_logit,empirical,empirical,4,4.830436981901396,51.58452464260722,4.048990092722505,63.993506493506494,62.55023526110519,0.8451731914533424,nan,nan,nan,nan,nan,nan,nan,nan,4055,134204896,122.77007228892762,10003,3080,8192,256,0,4055,16,256,8.0,1.0,0.2,true,1729,4055,banking77-mixture-val-v1,ebfb17faadb9f66177159020d8584acd5978b07758d153ac5493e65147a7fbb0,true
banking77-mixture-v1-posthoc,A,official_test,learned,legacy_gated_logit,categorical_mixture,empirical,uniform,4,nan,nan,1.7208117705583952,73.73376623376623,73.18314003490542,0.45835921373248534,0.27036583449498014,0.5036718911932409,0.420237785422352,0.2982575188209484,0.5993506493506493,0.8665584415584415,0.962012987012987,0.7292933010830764,4055,134204896,0.0,10003,3080,8192,256,0,4055,16,256,8.0,1.0,0.2,true,1729,4055,banking77-mixture-val-v1,ebfb17faadb9f66177159020d8584acd5978b07758d153ac5493e65147a7fbb0,true
banking77-mixture-v1-posthoc,A,official_test,learned,legacy_gated_logit,categorical_mixture,empirical,empirical,4,nan,nan,1.7267304060542803,73.76623376623377,73.21641755010634,0.4584898536392887,0.2706452489141133,0.5036718911932409,0.420237785422352,0.2982575188209484,0.5993506493506493,0.8665584415584415,0.962012987012987,0.7292933010830764,4055,134204896,0.0,10003,3080,8192,256,0,4055,16,256,8.0,1.0,0.2,true,1729,4055,banking77-mixture-val-v1,ebfb17faadb9f66177159020d8584acd5978b07758d153ac5493e65147a7fbb0,true
banking77-mixture-v1-posthoc,A,official_test,frozen,legacy_gated_logit,legacy_gated_logit,empirical,empirical,4,5.400376161028011,49.765070478856344,5.041124563686069,66.26623376623377,64.74812361530458,0.9412449141601463,nan,nan,nan,nan,nan,nan,nan,nan,4055,134204896,94.85026497300714,10003,3080,8192,256,0,4055,16,256,8.0,1.0,0.2,true,1729,4055,banking77-mixture-val-v1,ebfb17faadb9f66177159020d8584acd5978b07758d153ac5493e65147a7fbb0,true
banking77-mixture-v1-posthoc,A,official_test,frozen,legacy_gated_logit,categorical_mixture,empirical,uniform,4,nan,nan,2.047547140813248,72.75974025974025,72.50610871298807,0.5363654367758759,0.35355458350053864,0.42520427414874207,0.33483506254972767,0.2141229188287413,0.615909090909091,0.8626623376623377,0.9594155844155844,0.7333752106515393,4055,134204896,0.0,10003,3080,8192,256,0,4055,16,256,8.0,1.0,0.2,true,1729,4055,banking77-mixture-val-v1,ebfb17faadb9f66177159020d8584acd5978b07758d153ac5493e65147a7fbb0,true
banking77-mixture-v1-posthoc,A,official_test,frozen,legacy_gated_logit,categorical_mixture,empirical,empirical,4,nan,nan,2.054126610238898,72.75974025974025,72.50740343660779,0.536432603417666,0.3535212304394741,0.42520427414874207,0.33483506254972767,0.2141229188287413,0.615909090909091,0.8626623376623377,0.9594155844155844,0.7333752106515393,4055,134204896,0.0,10003,3080,8192,256,0,4055,16,256,8.0,1.0,0.2,true,1729,4055,banking77-mixture-val-v1,ebfb17faadb9f66177159020d8584acd5978b07758d153ac5493e65147a7fbb0,true
banking77-mixture-v1-posthoc,B,validation,learned,categorical_mixture,categorical_mixture,uniform,uniform,0,2.277019845537927,66.50855074272874,1.482553567352426,79.8694779116466,78.43522504233995,0.38803816501361627,0.2851132658762805,0.5790423981479648,0.47460950376002126,0.6734577248613518,0.7821285140562249,0.9021084337349398,0.9673694779116466,0.8421923698098004,4055,132964066,79.17787015496287,8011,1992,8192,256,0,4055,16,256,8.0,1.0,0.2,true,1729,4055,banking77-mixture-val-v1,ebfb17faadb9f66177159020d8584acd5978b07758d153ac5493e65147a7fbb0,true
banking77-mixture-v1-posthoc,B,validation,learned,categorical_mixture,categorical_mixture,uniform,empirical,0,2.277019845537927,66.50855074272874,1.482304962620689,79.8694779116466,78.43884727045197,0.3879883571492366,0.28494395618233453,0.5790423981479648,0.47460950376002126,0.6734577248613518,0.7821285140562249,0.9021084337349398,0.9673694779116466,0.8421923698098004,4055,132964066,79.17787015496287,8011,1992,8192,256,0,4055,16,256,8.0,1.0,0.2,true,1729,4055,banking77-mixture-val-v1,ebfb17faadb9f66177159020d8584acd5978b07758d153ac5493e65147a7fbb0,true
banking77-mixture-v1-posthoc,B,validation,frozen,categorical_mixture,categorical_mixture,uniform,uniform,0,2.7238608294281876,61.92734989389589,2.023919987466233,73.19277108433735,71.68254482437074,0.5311444089299135,0.3541269164988733,0.4309549667744103,0.3379048271306667,0.2216760111621106,0.6179718875502008,0.857429718875502,0.9598393574297188,0.7345743381570506,4055,132964066,33.10845366702415,8011,1992,8192,256,0,4055,16,256,8.0,1.0,0.2,true,1729,4055,banking77-mixture-val-v1,ebfb17faadb9f66177159020d8584acd5978b07758d153ac5493e65147a7fbb0,true
banking77-mixture-v1-posthoc,B,validation,frozen,categorical_mixture,categorical_mixture,uniform,empirical,0,2.7238608294281876,61.92734989389589,2.0223534906911413,73.2429718875502,71.72516018605073,0.530975692241591,0.3544738236403309,0.4309549667744103,0.3379048271306667,0.2216760111621106,0.6179718875502008,0.857429718875502,0.9598393574297188,0.7345743381570506,4055,132964066,33.10845366702415,8011,1992,8192,256,0,4055,16,256,8.0,1.0,0.2,true,1729,4055,banking77-mixture-val-v1,ebfb17faadb9f66177159020d8584acd5978b07758d153ac5493e65147a7fbb0,true
banking77-mixture-v1-posthoc,B,validation,learned,categorical_mixture,categorical_mixture,uniform,uniform,1,2.269910585518651,66.20896267632006,1.4917087075102569,79.41767068273093,78.18800533316748,0.3926516104986083,0.2829944610812638,0.5746455849141472,0.4709397235148433,0.6568679354755754,0.7841365461847389,0.9011044176706827,0.9663654618473896,0.8419600380548747,4055,132964066,80.18274872889742,8011,1992,8192,256,0,4055,16,256,8.0,1.0,0.2,true,1729,4055,banking77-mixture-val-v1,ebfb17faadb9f66177159020d8584acd5978b07758d153ac5493e65147a7fbb0,true
banking77-mixture-v1-posthoc,B,validation,learned,categorical_mixture,categorical_mixture,uniform,empirical,1,2.269910585518651,66.20896267632006,1.491078798470597,79.41767068273093,78.19435340342497,0.39259449089690296,0.2828316882993263,0.5746455849141472,0.4709397235148433,0.6568679354755754,0.7841365461847389,0.9011044176706827,0.9663654618473896,0.8419600380548747,4055,132964066,80.18274872889742,8011,1992,8192,256,0,4055,16,256,8.0,1.0,0.2,true,1729,4055,banking77-mixture-val-v1,ebfb17faadb9f66177159020d8584acd5978b07758d153ac5493e65147a7fbb0,true
banking77-mixture-v1-posthoc,B,validation,frozen,categorical_mixture,categorical_mixture,uniform,uniform,1,2.7449660781116605,60.966171514168025,2.024111626561382,73.19277108433735,71.68254482437074,0.5312207131235146,0.3542435819799282,0.4308471059884457,0.3378252305303622,0.2216760109227345,0.6189759036144579,0.857429718875502,0.9598393574297188,0.7351542263396686,4055,132964066,33.19047845795285,8011,1992,8192,256,0,4055,16,256,8.0,1.0,0.2,true,1729,4055,banking77-mixture-val-v1,ebfb17faadb9f66177159020d8584acd5978b07758d153ac5493e65147a7fbb0,true
banking77-mixture-v1-posthoc,B,validation,frozen,categorical_mixture,categorical_mixture,uniform,empirical,1,2.7449660781116605,60.966171514168025,2.0225398368873457,73.2429718875502,71.72516018605073,0.5310517207412685,0.3545904891625286,0.4308471059884457,0.3378252305303622,0.2216760109227345,0.6189759036144579,0.857429718875502,0.9598393574297188,0.7351542263396686,4055,132964066,33.19047845795285,8011,1992,8192,256,0,4055,16,256,8.0,1.0,0.2,true,1729,4055,banking77-mixture-val-v1,ebfb17faadb9f66177159020d8584acd5978b07758d153ac5493e65147a7fbb0,true
banking77-mixture-v1-posthoc,B,validation,learned,categorical_mixture,categorical_mixture,uniform,uniform,2,2.275865092347922,66.17151416801897,1.4847448605697684,79.8694779116466,78.69147768346738,0.390551980021952,0.2880303531167019,0.5758989129561969,0.4719394340430457,0.6588605106116299,0.7831325301204819,0.9096385542168675,0.9673694779116466,0.8445831405434724,4055,132964066,79.37839565705508,8011,1992,8192,256,0,4055,16,256,8.0,1.0,0.2,true,1729,4055,banking77-mixture-val-v1,ebfb17faadb9f66177159020d8584acd5978b07758d153ac5493e65147a7fbb0,true
banking77-mixture-v1-posthoc,B,validation,learned,categorical_mixture,categorical_mixture,uniform,empirical,2,2.275865092347922,66.17151416801897,1.4843393357853105,79.91967871485943,78.73113229292719,0.39050075553458585,0.28836739655718746,0.5758989129561969,0.4719394340430457,0.6588605106116299,0.7831325301204819,0.9096385542168675,0.9673694779116466,0.8445831405434724,4055,132964066,79.37839565705508,8011,1992,8192,256,0,4055,16,256,8.0,1.0,0.2,true,1729,4055,banking77-mixture-val-v1,ebfb17faadb9f66177159020d8584acd5978b07758d153ac5493e65147a7fbb0,true
banking77-mixture-v1-posthoc,B,validation,frozen,categorical_mixture,categorical_mixture,uniform,uniform,2,2.7290896240189473,60.579203595056796,2.024082247834724,73.14257028112449,71.647244156659,0.5311850979643683,0.35365747967099087,0.43092518244547917,0.337880224157798,0.22167601152117472,0.6184738955823293,0.8579317269076305,0.9598393574297188,0.734944739722192,4055,132964066,33.27461774100084,8011,1992,8192,256,0,4055,16,256,8.0,1.0,0.2,true,1729,4055,banking77-mixture-val-v1,ebfb17faadb9f66177159020d8584acd5978b07758d153ac5493e65147a7fbb0,true
banking77-mixture-v1-posthoc,B,validation,frozen,categorical_mixture,categorical_mixture,uniform,empirical,2,2.7290896240189473,60.579203595056796,2.0225155136874475,73.19277108433735,71.68954095930276,0.5310162853236389,0.3540041366607011,0.43092518244547917,0.337880224157798,0.22167601152117472,0.6184738955823293,0.8579317269076305,0.9598393574297188,0.734944739722192,4055,132964066,33.27461774100084,8011,1992,8192,256,0,4055,16,256,8.0,1.0,0.2,true,1729,4055,banking77-mixture-val-v1,ebfb17faadb9f66177159020d8584acd5978b07758d153ac5493e65147a7fbb0,true
banking77-mixture-v1-posthoc,B,validation,learned,categorical_mixture,categorical_mixture,uniform,uniform,3,2.2766221880804327,65.92185744601173,1.5127348972551018,79.56827309236948,78.8280753215849,0.39622513550131705,0.28674290558121296,0.5716583164748696,0.4685743451099768,0.6649247000973866,0.7791164658634538,0.9021084337349398,0.9658634538152611,0.8402032779875959,4055,132964066,79.07129711704329,8011,1992,8192,256,0,4055,16,256,8.0,1.0,0.2,true,1729,4055,banking77-mixture-val-v1,ebfb17faadb9f66177159020d8584acd5978b07758d153ac5493e65147a7fbb0,true
banking77-mixture-v1-posthoc,B,validation,learned,categorical_mixture,categorical_mixture,uniform,empirical,3,2.2766221880804327,65.92185744601173,1.5126431788653618,79.56827309236948,78.82902994848926,0.39617438086338463,0.28657990103460335,0.5716583164748696,0.4685743451099768,0.6649247000973866,0.7791164658634538,0.9021084337349398,0.9658634538152611,0.8402032779875959,4055,132964066,79.07129711704329,8011,1992,8192,256,0,4055,16,256,8.0,1.0,0.2,true,1729,4055,banking77-mixture-val-v1,ebfb17faadb9f66177159020d8584acd5978b07758d153ac5493e65147a7fbb0,true
banking77-mixture-v1-posthoc,B,validation,frozen,categorical_mixture,categorical_mixture,uniform,uniform,3,2.739707709605383,60.6790662838597,2.024227711922122,73.19277108433735,71.7190725904839,0.5312216374817412,0.354199005754657,0.43089427293823446,0.33785942772844707,0.22167601104242257,0.6179718875502008,0.857429718875502,0.9598393574297188,0.7346095195058615,4055,132964066,32.75763414497487,8011,1992,8192,256,0,4055,16,256,8.0,1.0,0.2,true,1729,4055,banking77-mixture-val-v1,ebfb17faadb9f66177159020d8584acd5978b07758d153ac5493e65147a7fbb0,true
banking77-mixture-v1-posthoc,B,validation,frozen,categorical_mixture,categorical_mixture,uniform,empirical,3,2.739707709605383,60.6790662838597,2.0226607524838505,73.2429718875502,71.76136939312767,0.5310528427044521,0.35454620019977834,0.43089427293823446,0.33785942772844707,0.22167601104242257,0.6179718875502008,0.857429718875502,0.9598393574297188,0.7346095195058615,4055,132964066,32.75763414497487,8011,1992,8192,256,0,4055,16,256,8.0,1.0,0.2,true,1729,4055,banking77-mixture-val-v1,ebfb17faadb9f66177159020d8584acd5978b07758d153ac5493e65147a7fbb0,true
banking77-mixture-v1-posthoc,B,validation,learned,categorical_mixture,categorical_mixture,uniform,uniform,4,2.2716081979022964,66.60841343153164,1.4930013901483647,79.61847389558233,78.66791946431088,0.3920760676811775,0.2850805448581386,0.5746252879459298,0.4711911212017079,0.6569285727887747,0.7811244979919679,0.8945783132530121,0.9663654618473896,0.8391288554735669,4055,132964066,80.85614744003396,8011,1992,8192,256,0,4055,16,256,8.0,1.0,0.2,true,1729,4055,banking77-mixture-val-v1,ebfb17faadb9f66177159020d8584acd5978b07758d153ac5493e65147a7fbb0,true
banking77-mixture-v1-posthoc,B,validation,learned,categorical_mixture,categorical_mixture,uniform,empirical,4,2.2716081979022964,66.60841343153164,1.491862028916738,79.61847389558233,78.67166752000699,0.39202126129726733,0.2847554307603034,0.5746252879459298,0.4711911212017079,0.6569285727887747,0.7811244979919679,0.8945783132530121,0.9663654618473896,0.8391288554735669,4055,132964066,80.85614744003396,8011,1992,8192,256,0,4055,16,256,8.0,1.0,0.2,true,1729,4055,banking77-mixture-val-v1,ebfb17faadb9f66177159020d8584acd5978b07758d153ac5493e65147a7fbb0,true
banking77-mixture-v1-posthoc,B,validation,frozen,categorical_mixture,categorical_mixture,uniform,uniform,4,2.732959576087065,60.579203595056796,2.02421050990505,73.14257028112449,71.63961710357741,0.5312662150909054,0.35371635898379195,0.43084814612864575,0.3378268330597345,0.22167601104242257,0.6174698795180723,0.857429718875502,0.9598393574297188,0.7344848585587291,4055,132964066,33.91539170604665,8011,1992,8192,256,0,4055,16,256,8.0,1.0,0.2,true,1729,4055,banking77-mixture-val-v1,ebfb17faadb9f66177159020d8584acd5978b07758d153ac5493e65147a7fbb0,true
banking77-mixture-v1-posthoc,B,validation,frozen,categorical_mixture,categorical_mixture,uniform,empirical,4,2.732959576087065,60.579203595056796,2.0226375926942777,73.19277108433735,71.68191390622115,0.5310972627218679,0.3540631694360131,0.43084814612864575,0.3378268330597345,0.22167601104242257,0.6174698795180723,0.857429718875502,0.9598393574297188,0.7344848585587291,4055,132964066,33.91539170604665,8011,1992,8192,256,0,4055,16,256,8.0,1.0,0.2,true,1729,4055,banking77-mixture-val-v1,ebfb17faadb9f66177159020d8584acd5978b07758d153ac5493e65147a7fbb0,true
banking77-mixture-v1-posthoc,B,official_test,learned,categorical_mixture,categorical_mixture,uniform,uniform,0,2.2039414967299185,67.27981605518345,1.4628842977116812,80.0974025974026,79.63431139277837,0.38629296013976555,0.2789709501161978,0.5806592757798187,0.47931925866075537,0.6877729814547997,0.7967532467532468,0.9071428571428571,0.9668831168831169,0.8506560433241975,4055,132964066,95.76715646695811,10003,3080,8192,256,0,4055,16,256,8.0,1.0,0.2,true,1729,4055,banking77-mixture-val-v1,ebfb17faadb9f66177159020d8584acd5978b07758d153ac5493e65147a7fbb0,true
banking77-mixture-v1-posthoc,B,official_test,learned,categorical_mixture,categorical_mixture,uniform,empirical,0,2.2039414967299185,67.27981605518345,1.4659640392833164,80.0974025974026,79.59164037027502,0.38638937915493915,0.278960276223332,0.5806592757798187,0.47931925866075537,0.6877729814547997,0.7967532467532468,0.9071428571428571,0.9668831168831169,0.8506560433241975,4055,132964066,95.76715646695811,10003,3080,8192,256,0,4055,16,256,8.0,1.0,0.2,true,1729,4055,banking77-mixture-val-v1,ebfb17faadb9f66177159020d8584acd5978b07758d153ac5493e65147a7fbb0,true
banking77-mixture-v1-posthoc,B,official_test,frozen,categorical_mixture,categorical_mixture,uniform,uniform,0,2.7222913477672437,61.59152254323703,2.047624608060348,72.85714285714285,72.60821453294567,0.5363908170383762,0.354552023006337,0.42516820616855183,0.33480776372885745,0.2141229188287413,0.615909090909091,0.8623376623376623,0.9594155844155844,0.733361728397851,4055,132964066,40.663446396938525,10003,3080,8192,256,0,4055,16,256,8.0,1.0,0.2,true,1729,4055,banking77-mixture-val-v1,ebfb17faadb9f66177159020d8584acd5978b07758d153ac5493e65147a7fbb0,true
banking77-mixture-v1-posthoc,B,official_test,frozen,categorical_mixture,categorical_mixture,uniform,empirical,0,2.7222913477672437,61.59152254323703,2.0542043138511237,72.85714285714285,72.60950925656537,0.5364580560427208,0.3545183052200002,0.42516820616855183,0.33480776372885745,0.2141229188287413,0.615909090909091,0.8623376623376623,0.9594155844155844,0.733361728397851,4055,132964066,40.663446396938525,10003,3080,8192,256,0,4055,16,256,8.0,1.0,0.2,true,1729,4055,banking77-mixture-val-v1,ebfb17faadb9f66177159020d8584acd5978b07758d153ac5493e65147a7fbb0,true
banking77-mixture-v1-posthoc,B,official_test,learned,categorical_mixture,categorical_mixture,uniform,uniform,1,2.2416693385720445,66.7999600119964,1.4744685854520607,80.71428571428572,80.41567556288204,0.38457972679994756,0.2880705400140255,0.5805233257202934,0.4791307336420982,0.7043758326536649,0.8045454545454546,0.9136363636363637,0.9642857142857143,0.858347704895465,4055,132964066,97.74667252704967,10003,3080,8192,256,0,4055,16,256,8.0,1.0,0.2,true,1729,4055,banking77-mixture-val-v1,ebfb17faadb9f66177159020d8584acd5978b07758d153ac5493e65147a7fbb0,true
banking77-mixture-v1-posthoc,B,official_test,learned,categorical_mixture,categorical_mixture,uniform,empirical,1,2.2416693385720445,66.7999600119964,1.477200927221217,80.71428571428572,80.41160013871574,0.3846658731097138,0.2880506076523429,0.5805233257202934,0.4791307336420982,0.7043758326536649,0.8045454545454546,0.9136363636363637,0.9642857142857143,0.858347704895465,4055,132964066,97.74667252704967,10003,3080,8192,256,0,4055,16,256,8.0,1.0,0.2,true,1729,4055,banking77-mixture-val-v1,ebfb17faadb9f66177159020d8584acd5978b07758d153ac5493e65147a7fbb0,true
banking77-mixture-v1-posthoc,B,official_test,frozen,categorical_mixture,categorical_mixture,uniform,uniform,1,2.742831301942655,60.911726482055386,2.0474254130489133,72.82467532467533,72.56895693381684,0.5363382187163965,0.35416589070159893,0.4252348359130198,0.3348578027933352,0.21412291844169815,0.6162337662337662,0.8623376623376623,0.9594155844155844,0.7335690679612206,4055,132964066,42.00804915302433,10003,3080,8192,256,0,4055,16,256,8.0,1.0,0.2,true,1729,4055,banking77-mixture-val-v1,ebfb17faadb9f66177159020d8584acd5978b07758d153ac5493e65147a7fbb0,true
banking77-mixture-v1-posthoc,B,official_test,frozen,categorical_mixture,categorical_mixture,uniform,empirical,1,2.742831301942655,60.911726482055386,2.05400445791068,72.82467532467533,72.57025165743653,0.5364052650555,0.35413210678652124,0.4252348359130198,0.3348578027933352,0.21412291844169815,0.6162337662337662,0.8623376623376623,0.9594155844155844,0.7335690679612206,4055,132964066,42.00804915302433,10003,3080,8192,256,0,4055,16,256,8.0,1.0,0.2,true,1729,4055,banking77-mixture-val-v1,ebfb17faadb9f66177159020d8584acd5978b07758d153ac5493e65147a7fbb0,true
banking77-mixture-v1-posthoc,B,official_test,learned,categorical_mixture,categorical_mixture,uniform,uniform,2,2.2544089279952666,66.38008597420773,1.467622491587017,80.64935064935065,80.30820811965789,0.38418369109851197,0.28615713089027195,0.5825496660616335,0.47982696714726364,0.6804920895533129,0.7912337662337663,0.9081168831168831,0.9652597402597403,0.8481463797523127,4055,132964066,103.00945280701853,10003,3080,8192,256,0,4055,16,256,8.0,1.0,0.2,true,1729,4055,banking77-mixture-val-v1,ebfb17faadb9f66177159020d8584acd5978b07758d153ac5493e65147a7fbb0,true
banking77-mixture-v1-posthoc,B,official_test,learned,categorical_mixture,categorical_mixture,uniform,empirical,2,2.2544089279952666,66.38008597420773,1.4713360968063771,80.64935064935065,80.30715035199277,0.3842670665361447,0.28614664720492317,0.5825496660616335,0.47982696714726364,0.6804920895533129,0.7912337662337663,0.9081168831168831,0.9652597402597403,0.8481463797523127,4055,132964066,103.00945280701853,10003,3080,8192,256,0,4055,16,256,8.0,1.0,0.2,true,1729,4055,banking77-mixture-val-v1,ebfb17faadb9f66177159020d8584acd5978b07758d153ac5493e65147a7fbb0,true
banking77-mixture-v1-posthoc,B,official_test,frozen,categorical_mixture,categorical_mixture,uniform,uniform,2,2.7410965047372717,61.27161851444567,2.047917686067072,72.82467532467533,72.57284514941766,0.536442582607995,0.35416088762705206,0.4251697077715535,0.33480528998974857,0.21412291890614993,0.615909090909091,0.8623376623376623,0.9594155844155844,0.7334628095076593,4055,132964066,40.15991058491636,10003,3080,8192,256,0,4055,16,256,8.0,1.0,0.2,true,1729,4055,banking77-mixture-val-v1,ebfb17faadb9f66177159020d8584acd5978b07758d153ac5493e65147a7fbb0,true
banking77-mixture-v1-posthoc,B,official_test,frozen,categorical_mixture,categorical_mixture,uniform,empirical,2,2.7410965047372717,61.27161851444567,2.0544988460037605,72.82467532467533,72.57413987303737,0.5365095316299371,0.3541270623685091,0.4251697077715535,0.33480528998974857,0.21412291890614993,0.615909090909091,0.8623376623376623,0.9594155844155844,0.7334628095076593,4055,132964066,40.15991058491636,10003,3080,8192,256,0,4055,16,256,8.0,1.0,0.2,true,1729,4055,banking77-mixture-val-v1,ebfb17faadb9f66177159020d8584acd5978b07758d153ac5493e65147a7fbb0,true
banking77-mixture-v1-posthoc,B,official_test,learned,categorical_mixture,categorical_mixture,uniform,uniform,3,2.220688002920429,66.78996301109667,1.4479279908538865,81.07142857142857,80.74276863951233,0.3820869221790488,0.29363218549542225,0.5817146958069008,0.4795370699124193,0.7155591306748328,0.8071428571428572,0.9087662337662338,0.9691558441558441,0.8582239426046502,4055,132964066,98.41063251392916,10003,3080,8192,256,0,4055,16,256,8.0,1.0,0.2,true,1729,4055,banking77-mixture-val-v1,ebfb17faadb9f66177159020d8584acd5978b07758d153ac5493e65147a7fbb0,true
banking77-mixture-v1-posthoc,B,official_test,learned,categorical_mixture,categorical_mixture,uniform,empirical,3,2.220688002920429,66.78996301109667,1.4497215729101638,81.03896103896105,80.71479726055175,0.3821799779105206,0.29329141837774547,0.5817146958069008,0.4795370699124193,0.7155591306748328,0.8071428571428572,0.9087662337662338,0.9691558441558441,0.8582239426046502,4055,132964066,98.41063251392916,10003,3080,8192,256,0,4055,16,256,8.0,1.0,0.2,true,1729,4055,banking77-mixture-val-v1,ebfb17faadb9f66177159020d8584acd5978b07758d153ac5493e65147a7fbb0,true
banking77-mixture-v1-posthoc,B,official_test,frozen,categorical_mixture,categorical_mixture,uniform,uniform,3,2.730854234665682,60.78176547035889,2.0477553087861353,72.79220779220779,72.53448331081204,0.5363829344450557,0.35385585704020095,0.4252040811811937,0.3348324935314814,0.2141229188287413,0.615909090909091,0.8623376623376623,0.9594155844155844,0.7333930882909413,4055,132964066,39.93708892096765,10003,3080,8192,256,0,4055,16,256,8.0,1.0,0.2,true,1729,4055,banking77-mixture-val-v1,ebfb17faadb9f66177159020d8584acd5978b07758d153ac5493e65147a7fbb0,true
banking77-mixture-v1-posthoc,B,official_test,frozen,categorical_mixture,categorical_mixture,uniform,empirical,3,2.730854234665682,60.78176547035889,2.054336877354221,72.79220779220779,72.53577803443176,0.5364498833460467,0.3538221331966388,0.4252040811811937,0.3348324935314814,0.2141229188287413,0.615909090909091,0.8623376623376623,0.9594155844155844,0.7333930882909413,4055,132964066,39.93708892096765,10003,3080,8192,256,0,4055,16,256,8.0,1.0,0.2,true,1729,4055,banking77-mixture-val-v1,ebfb17faadb9f66177159020d8584acd5978b07758d153ac5493e65147a7fbb0,true
banking77-mixture-v1-posthoc,B,official_test,learned,categorical_mixture,categorical_mixture,uniform,uniform,4,2.223152783293903,67.12986104168749,1.4596429150177226,80.42207792207792,79.97341413490138,0.38316469032970535,0.284729162881804,0.5817898122989255,0.4800009956970424,0.6974008297765409,0.7987012987012987,0.9064935064935065,0.9662337662337662,0.8528461643336851,4055,132964066,102.61501984391361,10003,3080,8192,256,0,4055,16,256,8.0,1.0,0.2,true,1729,4055,banking77-mixture-val-v1,ebfb17faadb9f66177159020d8584acd5978b07758d153ac5493e65147a7fbb0,true
banking77-mixture-v1-posthoc,B,official_test,learned,categorical_mixture,categorical_mixture,uniform,empirical,4,2.223152783293903,67.12986104168749,1.4622526196373222,80.38961038961038,79.94149092605221,0.38325557453987225,0.28438015257238186,0.5817898122989255,0.4800009956970424,0.6974008297765409,0.7987012987012987,0.9064935064935065,0.9662337662337662,0.8528461643336851,4055,132964066,102.61501984391361,10003,3080,8192,256,0,4055,16,256,8.0,1.0,0.2,true,1729,4055,banking77-mixture-val-v1,ebfb17faadb9f66177159020d8584acd5978b07758d153ac5493e65147a7fbb0,true
banking77-mixture-v1-posthoc,B,official_test,frozen,categorical_mixture,categorical_mixture,uniform,uniform,4,2.744246417864675,61.67149855043487,2.047547140813248,72.75974025974025,72.50610871298807,0.5363654367758759,0.35355458350053864,0.42520427414874207,0.33483506254972767,0.2141229188287413,0.615909090909091,0.8626623376623377,0.9594155844155844,0.7333752106515393,4055,132964066,38.2873144550249,10003,3080,8192,256,0,4055,16,256,8.0,1.0,0.2,true,1729,4055,banking77-mixture-val-v1,ebfb17faadb9f66177159020d8584acd5978b07758d153ac5493e65147a7fbb0,true
banking77-mixture-v1-posthoc,B,official_test,frozen,categorical_mixture,categorical_mixture,uniform,empirical,4,2.744246417864675,61.67149855043487,2.054126610238898,72.75974025974025,72.50740343660779,0.536432603417666,0.3535212304394741,0.42520427414874207,0.33483506254972767,0.2141229188287413,0.615909090909091,0.8626623376623377,0.9594155844155844,0.7333752106515393,4055,132964066,38.2873144550249,10003,3080,8192,256,0,4055,16,256,8.0,1.0,0.2,true,1729,4055,banking77-mixture-val-v1,ebfb17faadb9f66177159020d8584acd5978b07758d153ac5493e65147a7fbb0,true
